{
  "movies": [
    {
      "id": 1,
      "title": "The Thursday Murder Club",
      "year": 2025,
      "runtime": 118,
      "watched": true
    },
    {
      "id": 2,
      "title": "F1",
      "year": 2025,
      "runtime": 156,
      "watched": false
    },
    {
      "id": 3,
      "title": "Mission: Impossible - The Final Reckoning",
      "year": 2025,
      "runtime": 170,
      "watched": false
    },
    {
      "id": 4,
      "title": "Superman",
      "year": 2025,
      "runtime": 130,
      "watched": false
    },
    {
      "id": 5,
      "title": "Jurassic World Rebirth",
      "year": 2025,
      "runtime": 134,
      "watched": false
    },
    {
      "title": "The Thursday Murder Club",
      "year": 2025,
      "runtime": 118,
      "watched": false,
      "id": 6
    }
  ]
}